Group,Subject_Number,Subject,Timepoint,Elapsed_Minutes,Source_Sheet,Date,Time,Phase,Recording,Alarms,f,TVb,MVb,Penh,PAU,Rpef,Comp,PIFb,PEFb,Ti,Te,EF50,EIP,EEP,Tr,TB,TP,Tbody,Tc,RH,Rinx,BFCF
a,2,2a,2.5,2.5057,2a_WBPth,2025-12-17,09:25:20.996000,Toxicity,Original,,84.34586334228516,2.066005229949951,174.33863830566406,1.0805156230926514,1.0972511768341064,0.3116514086723327,11.153897285461426,9.132551193237305,8.661234855651855,0.3340621292591095,0.3797958791255951,0.7052764892578125,8.955825805664062,14.127156257629396,0.1863921731710434,7.381927967071533,19.61287307739257,37.0,25.0,30.0,25.0,
a,3,3a,2.5,2.51385,3a_WBPth,2025-12-17,09:30:36.817000,Toxicity,Original,,72.75003051757812,3.106218814849853,225.9659423828125,0.8096427917480469,0.997130572795868,0.135231927037239,11.153897285461426,15.698010444641112,8.538431167602539,0.3232650756835937,0.5014781355857849,0.6317368149757385,6.802012920379639,0.0,0.2560378313064575,3.2273271083831787,18.10489273071289,37.0,25.0,30.0,0.0,
a,4,4a,2.5,2.4769333333333337,4a_WBPth,2025-12-17,09:43:15.019000,Toxicity,Original,,49.35561752319336,2.7234129905700684,134.4157257080078,1.7182486057281494,1.5363699197769165,0.1040694862604141,11.153897285461426,9.610326766967772,8.46062183380127,0.5430396199226379,0.6726275086402893,0.6746615767478943,12.69593620300293,0.0,0.2841854691505432,8.024724006652832,16.741859436035156,37.0,25.0,30.0,75.0,
a,5,5a,2.5,2.489683333333333,5a_WBPth,2025-12-17,09:39:57.275000,Toxicity,Original,,60.39524841308594,2.293275594711304,138.48045349121094,1.4240374565124512,1.4215033054351809,0.2561183869838714,11.153897285461426,9.237241744995115,7.4741668701171875,0.4688998460769653,0.5246185660362244,0.5340179800987244,13.630327224731444,0.0,0.2254195511341095,13.15139389038086,24.325517654418945,37.0,25.0,30.0,0.0,
a,6,6a,2.5,2.4846,6a_WBPth,2025-12-17,09:46:26.135000,Toxicity,Original,,54.07243728637695,2.665960788726806,144.15499877929688,0.4480476677417755,0.7977957129478455,0.6083480715751648,11.153897285461426,10.56418800354004,6.057167530059815,0.4455291032791137,0.6640934944152832,0.4162834882736206,24.408769607543945,0.0,0.3835216164588928,7.222200393676758,8.642627716064453,37.0,25.0,30.0,66.66666412353516,
a,7,7a,2.5,2.485316666666667,7a_WBPth,2025-12-17,09:53:44.729000,Toxicity,Original,,54.63402938842773,2.762778282165528,150.94171142578125,1.2617086172103882,1.4663487672805786,0.3637306094169616,11.153897285461426,11.57423973083496,6.686192512512207,0.4658804833889007,0.6323361396789551,0.5606135725975037,7.404598712921143,0.0,0.2620848715305328,2.343066692352295,18.823673248291016,37.0,25.0,30.0,0.0,
a,2,2a,4.8,4.8057,2a_WBPth,2025-12-17,09:27:38.996000,Toxicity,Original,,90.62403106689452,2.4972245693206787,224.244369506836,0.5919589996337891,0.6195350289344788,0.6522446870803833,11.153897285461426,12.413609504699709,13.034187316894531,0.3550025820732116,0.3115683794021606,0.9964038729667664,16.013031005859375,0.0,0.2099350541830063,14.30842113494873,11.56769847869873,37.0,25.0,30.0,0.0,
a,3,3a,4.8,4.81385,3a_WBPth,2025-12-17,09:32:54.817000,Toxicity,Original,,88.37578582763672,3.22770357131958,285.180419921875,0.7951294183731079,0.9744493961334229,0.3131906986236572,11.153897285461426,15.589311599731444,10.639233589172363,0.3009353876113891,0.3781136572360992,0.8980254530906677,5.635545253753662,0.0,0.1954871863126754,4.098148345947266,16.663970947265625,37.0,25.0,30.0,0.0,
a,4,4a,4.8,4.81025,4a_WBPth,2025-12-17,09:45:35.018000,Toxicity,Original,,69.4296875,2.5851404666900635,179.47219848632812,1.0477080345153809,1.115234136581421,0.5275081992149353,11.153897285461426,10.637411117553713,9.025691032409668,0.4081119298934936,0.4563901126384735,0.6826484799385071,14.824371337890623,0.0,0.2267929315567016,10.612778663635254,21.614334106445312,37.0,25.0,30.0,0.0,
a,5,5a,4.8,4.789683333333333,5a_WBPth,2025-12-17,09:42:15.275000,Toxicity,Original,,71.08432006835938,2.6628570556640625,189.29296875,0.8486135005950928,1.003091812133789,0.4323322772979736,11.153897285461426,10.839948654174805,8.299407005310059,0.4460609257221222,0.3980087637901306,0.6708781123161316,7.824167251586914,0.0,0.2056070566177368,10.822681427001951,17.43927001953125,37.0,25.0,30.0,0.0,
a,6,6a,4.8,4.7846,6a_WBPth,2025-12-17,09:48:44.135000,Toxicity,Original,,77.44935607910156,2.4598817825317383,190.5835876464844,0.7936216592788696,0.7077811360359192,0.6335062384605408,11.153897285461426,8.87080192565918,9.924983024597168,0.431951642036438,0.3428164720535278,0.86322021484375,15.925545692443848,0.0,0.2177779972553253,13.692587852478027,13.122228622436523,37.0,25.0,30.0,0.0,
a,7,7a,4.8,4.785316666666668,7a_WBPth,2025-12-17,09:56:02.729000,Toxicity,Original,,65.26166534423828,2.311615228652954,150.6390380859375,1.143907904624939,1.1911664009094238,0.3187317252159118,11.153897285461426,10.543926239013672,7.497180938720703,0.457807719707489,0.4661400914192199,0.5849567651748657,7.521763801574707,0.0,0.2202562987804412,5.327636241912842,26.49991226196289,37.0,25.0,30.0,0.0,
a,9,9a,4.8,4.787866666666667,9a_WBPth,2025-12-17,10:00:32.329000,Toxicity,Original,,42.48049545288086,1.602566123008728,68.07780456542969,1.1093862056732178,1.4064770936965942,0.4334763884544372,11.153897285461426,6.659936904907227,4.789280414581299,0.5034821629524231,0.9089307188987732,0.3582870960235595,16.375558853149414,139.56651306152344,0.3920099437236786,9.021100044250488,18.30701446533203,37.0,25.0,30.0,0.0,
a,2,2a,5.5,5.5057,2a_WBPth,2025-12-17,09:28:20.996000,Toxicity,Original,,101.0260238647461,2.554579496383667,257.8311767578125,0.5952500700950623,0.6473768949508667,0.7379125952720642,11.153897285461426,13.110651016235352,13.131643295288086,0.3103992342948913,0.2837646305561065,0.9533185958862304,8.330733299255371,0.0,0.1773237884044647,11.789977073669434,9.126273155212402,37.0,25.0,30.0,0.0,
a,3,3a,5.5,5.513850000000001,3a_WBPth,2025-12-17,09:33:36.817000,Toxicity,Original,,92.24725341796876,2.9845128059387207,275.37481689453125,0.7308233380317688,0.8900686502456665,0.532654345035553,11.153897285461426,15.028234481811523,10.864584922790527,0.3024353981018066,0.3483456075191498,0.9183003306388856,6.183723449707031,0.0,0.1883254051208496,6.019998073577881,15.801275253295898,37.0,25.0,30.0,0.0,
a,4,4a,5.5,5.51025,4a_WBPth,2025-12-17,09:46:17.018000,Toxicity,Original,,75.70352935791016,2.709566116333008,205.1631317138672,0.8263162970542908,0.911029577255249,0.5705691576004028,11.153897285461426,11.673333168029783,10.544230461120604,0.4253202974796295,0.377081423997879,0.8739876747131348,12.681865692138672,0.0,0.2067805826663971,13.556492805480955,17.970359802246094,37.0,25.0,30.0,0.0,
a,5,5a,5.5,5.489683333333333,5a_WBPth,2025-12-17,09:42:57.275000,Toxicity,Original,,80.77400207519531,2.496389389038086,201.58673095703125,0.7220543622970581,0.7828220129013062,0.387404054403305,11.153897285461426,10.813177108764648,9.525032043457031,0.4071530103683471,0.336045354604721,0.6699178814888,10.394948959350586,0.0,0.2109296023845672,12.344626426696776,10.982381820678713,37.0,25.0,30.0,0.0,
a,6,6a,5.5,5.4846,6a_WBPth,2025-12-17,09:49:26.135000,Toxicity,Original,,79.85638427734375,2.473928928375244,197.1669769287109,0.724801778793335,0.6247585415840149,0.5974096655845642,11.153897285461426,9.783965110778809,11.926995277404783,0.3962087631225586,0.3587649464607239,1.0210809707641602,19.562559127807617,0.0,0.2400584518909454,15.40769100189209,14.240630149841309,37.0,25.0,30.0,0.0,
a,7,7a,5.5,5.485316666666667,7a_WBPth,2025-12-17,09:56:44.729000,Toxicity,Original,,77.07555389404297,2.2076756954193115,170.16880798339844,0.7923476696014404,0.8740796446800232,0.5559805631637573,11.153897285461426,10.220088005065918,8.355104446411133,0.3888624012470245,0.3895950019359588,0.6875426173210144,9.179535865783691,0.0,0.2156742513179779,7.57817792892456,18.823617935180664,37.0,25.0,30.0,0.0,
a,9,9a,5.5,5.487866666666666,9a_WBPth,2025-12-17,10:01:14.329000,Toxicity,Original,,51.40879440307617,1.3676375150680542,70.30859375,2.4067583084106445,1.4644427299499512,0.177855759859085,11.153897285461426,5.199210166931152,5.434589862823486,0.5711269378662109,0.5959885716438293,0.2052529007196426,9.762981414794922,0.0,0.2500333189964294,0.11210548132658,7.541715621948242,37.0,25.0,30.0,0.0,
a,2,2a,7.5,7.5057,2a_WBPth,2025-12-17,09:30:20.996000,Toxicity,Original,,100.1229248046875,2.633028507232666,264.2601928710937,0.4382978677749634,0.5605349540710449,0.7063241600990295,11.153897285461426,14.472274780273438,12.66144561767578,0.2803819477558136,0.3253529965877533,1.059627652168274,17.061485290527344,0.0,0.2185595631599426,13.616229057312012,9.04318904876709,37.0,25.0,30.0,0.0,
a,3,3a,7.5,7.513850000000001,3a_WBPth,2025-12-17,09:35:36.817000,Toxicity,Original,,99.67495727539062,2.5048484802246094,249.6505279541016,0.7359030246734619,0.8583955764770508,0.4167247414588928,11.153897285461426,12.823246955871582,10.120600700378418,0.2954419255256653,0.3066486120223999,0.8786957263946533,6.614211082458496,0.0,0.1693006008863449,8.093505859375,15.251134872436523,37.0,25.0,30.0,0.0,
a,4,4a,7.5,7.51025,4a_WBPth,2025-12-17,09:48:17.018000,Toxicity,Original,,89.49468231201172,2.534789800643921,227.11851501464844,0.8289008140563965,0.8376741409301758,0.434198647737503,11.153897285461426,10.67937469482422,11.27591609954834,0.3642991781234741,0.3066193163394928,0.9792446494102478,8.997817993164062,0.0,0.1743716299533844,11.15520477294922,16.63840675354004,37.0,25.0,30.0,0.0,
a,5,5a,7.5,7.489683333333333,5a_WBPth,2025-12-17,09:44:57.275000,Toxicity,Original,,83.312744140625,2.2341830730438232,185.9900054931641,0.6668514013290405,0.7543728351593018,0.41351318359375,11.153897285461426,9.141401290893556,8.150483131408691,0.3714516460895538,0.3489874601364136,0.6748096346855164,17.354598999023438,0.0,0.2102608233690261,12.664706230163574,9.84663200378418,37.0,25.0,30.0,0.0,
a,6,6a,7.5,7.4846,6a_WBPth,2025-12-17,09:51:26.135000,Toxicity,Original,,148.06288146972656,1.7892972230911257,222.99542236328125,0.6094262599945068,0.7174707651138306,0.5379419326782227,11.153897285461426,14.635069847106934,11.699750900268556,0.2221759110689163,0.2642364799976349,0.895940899848938,12.71937084197998,0.0,0.1599788069725036,12.248441696166992,14.008087158203123,37.0,25.0,30.0,33.33333206176758,
a,7,7a,7.5,7.485316666666667,7a_WBPth,2025-12-17,09:58:44.729000,Toxicity,Original,,79.50080108642578,2.081548929214477,165.37889099121094,0.6502379775047302,0.8111162185668945,0.4790669977664947,11.153897285461426,9.223336219787598,6.985902786254883,0.389139324426651,0.3671017587184906,0.5764651298522949,12.114362716674805,0.0,0.2125988751649856,12.263275146484377,15.998614311218262,37.0,25.0,30.0,0.0,
a,9,9a,7.5,7.487866666666666,9a_WBPth,2025-12-17,10:03:14.329000,Toxicity,Original,,70.12834930419922,1.7401738166809082,122.11219787597656,1.7894529104232788,1.5310189723968506,0.26907479763031,11.153897285461426,7.151908874511719,6.785239219665527,0.4256829023361206,0.4319203495979309,0.5606151223182678,10.904512405395508,38.36417770385742,0.1783998906612396,8.772726058959961,27.419652938842773,37.0,25.0,30.0,0.0,
b,2,2b,2.5,2.5087,2b_WBPth,2025-12-17,10:49:25.615000,Toxicity,Original,,82.5013198852539,2.9480741024017334,243.13204956054688,1.0438792705535889,1.2192946672439575,0.2464480400085449,11.153897285461426,16.507402420043945,10.756457328796388,0.2992544174194336,0.4282293617725372,0.8099989891052246,7.018693447113037,0.0,0.1973363906145095,3.0176172256469727,25.49864387512207,37.0,25.0,30.0,0.0,
b,5,5b,2.5,2.5152666666666668,5b_WBPth,2025-12-17,11:06:10.716000,Toxicity,Original,,87.47989654541016,0.3949161767959595,34.51731491088867,1.7070989608764648,1.4001315832138062,0.233704462647438,11.153897285461426,2.356200218200684,2.563706159591675,0.3112348020076751,0.3770461678504944,0.151286244392395,6.2737016677856445,79.13760375976562,0.1599064469337463,7.382181167602539,28.550853729248047,37.0,25.0,30.0,25.0,
b,6,6b,2.5,2.4903666666666666,6b_WBPth,2025-12-17,11:10:18.940000,Toxicity,Original,,93.2081527709961,2.113281726837158,196.77183532714844,1.1320176124572754,1.1760218143463137,0.290769100189209,11.153897285461426,10.664399147033691,8.819791793823242,0.3062919080257416,0.3393005728721618,0.7191268801689148,6.090225696563721,5.237532138824463,0.1599344313144683,6.452770709991455,22.203617095947266,37.0,25.0,30.0,0.0,
b,7,7b,2.5,2.4838333333333336,7b_WBPth,2025-12-17,11:13:55.079000,Toxicity,Original,,60.00154113769531,2.453763484954834,147.43655395507812,1.8898017406463623,1.7468147277832031,0.1337231397628784,11.153897285461426,9.608237266540527,7.615785598754883,0.4815880060195923,0.5234687328338623,0.5408582091331482,7.023881435394287,0.0,0.1952288448810577,3.702312469482422,32.28334426879883,37.0,25.0,30.0,0.0,
b,8,8b,2.5,2.4873333333333334,8b_WBPth,2025-12-17,11:24:48.763000,Toxicity,Original,,64.04002380371094,2.258365631103516,144.61468505859375,1.0801310539245603,1.1009018421173096,0.353769451379776,11.153897285461426,8.079617500305176,6.007098197937012,0.4826890826225281,0.4544756114482879,0.498241662979126,9.029024124145508,0.0,0.2245818823575973,6.590011596679688,24.36962127685547,37.0,25.0,30.0,0.0,
b,2,2b,4.8,4.8087,2b_WBPth,2025-12-17,10:51:43.615000,Toxicity,Original,,89.78848266601562,4.082588195800781,334.2172546386719,0.9045201539993286,0.914713442325592,0.3867294192314148,11.153897285461426,18.708213806152344,13.439444541931152,0.3699499666690826,0.3634730875492096,1.155633568763733,6.230520248413086,0.0,0.1945927739143371,4.617753028869629,15.721003532409668,37.0,25.0,30.0,0.0,
b,4,4b,4.8,4.79105,4b_WBPth,2025-12-17,11:03:56.018000,Toxicity,Original,,91.91500854492188,1.8691539764404297,171.81448364257812,0.7235257625579834,0.7735756635665894,0.6068607568740845,11.153897285461426,11.81649684906006,10.574895858764648,0.2939086556434631,0.3588827848434448,0.7862045764923096,8.186233520507812,0.0,0.2078005969524383,8.387067794799805,14.449676513671877,37.0,25.0,30.0,0.0,
b,5,5b,4.8,4.8152833333333325,5b_WBPth,2025-12-17,11:08:28.717000,Toxicity,Original,,95.10059356689452,0.5092276334762573,48.55408477783203,2.555306434631348,2.2434773445129395,0.1660741865634918,11.153897285461426,3.1247925758361816,3.268399715423584,0.2927374839782715,0.3416430056095123,0.183594062924385,8.736593246459961,125.89141845703124,0.1121167093515396,6.08868932723999,8.467877388000488,37.0,25.0,30.0,0.0,
b,6,6b,4.8,4.790366666666667,6b_WBPth,2025-12-17,11:12:36.940000,Toxicity,Original,,91.19424438476562,2.206934928894043,201.2074737548828,0.8975740671157837,0.8999627828598022,0.385466456413269,11.153897285461426,9.824607849121094,8.718379974365234,0.3415121138095855,0.316568911075592,0.7414786219596863,8.249402046203613,0.0,0.1721439063549041,10.15644359588623,14.216917991638184,37.0,25.0,30.0,0.0,
b,7,7b,4.8,4.783833333333333,7b_WBPth,2025-12-17,11:16:13.079000,Toxicity,Original,,85.76758575439453,2.46541714668274,211.4117889404297,0.7998514771461487,0.95569908618927,0.3621627390384674,11.153897285461426,12.193242073059082,8.914616584777832,0.3302841782569885,0.3698812425136566,0.712768018245697,8.546587944030762,0.0,0.1950022131204605,8.099775314331055,18.69794464111328,37.0,25.0,30.0,0.0,
b,8,8b,4.8,4.787333333333334,8b_WBPth,2025-12-17,11:27:06.763000,Toxicity,Original,,79.33130645751953,2.092192888259888,165.86117553710938,0.9913591742515564,0.9054074287414552,0.4651605784893036,11.153897285461426,8.541860580444336,8.18423080444336,0.3932949304580688,0.3642651438713074,0.7104048728942871,8.412944793701172,0.0,0.198450818657875,9.032827377319336,16.742740631103516,37.0,25.0,30.0,0.0,
b,9,9b,4.8,4.79145,9b_WBPth,2025-12-17,11:23:04.484000,Toxicity,Original,,89.28890228271484,1.9876402616500848,177.27488708496094,0.9101377725601196,0.8448000550270081,0.3937760293483734,11.153897285461426,8.40615177154541,8.197168350219727,0.3790530860424042,0.2934527695178985,0.6787684559822083,7.994655609130859,0.0,0.1654040962457656,9.366230010986328,17.16332244873047,37.0,25.0,30.0,0.0,
b,2,2b,5.5,5.5087,2b_WBPth,2025-12-17,10:52:25.615000,Toxicity,Original,,106.23493194580078,2.87060284614563,304.7120361328125,0.8113805055618286,0.8256605267524719,0.4246696531772613,11.153897285461426,14.87081241607666,13.897884368896484,0.282717227935791,0.2825709879398346,1.1818859577178955,6.608581066131592,0.0,0.1586841344833374,7.6873955726623535,16.88106918334961,37.0,25.0,30.0,0.0,
b,4,4b,5.5,5.49105,4b_WBPth,2025-12-17,11:04:38.018000,Toxicity,Original,,91.71437072753906,1.8802170753479004,171.61158752441406,0.8393464088439941,0.8018885850906372,0.476498007774353,11.153897285461426,10.08083438873291,9.507007598876951,0.3301843404769897,0.3262516260147095,0.6668294072151184,9.157838821411133,0.0,0.186622217297554,8.213242530822754,15.19318389892578,37.0,25.0,30.0,0.0,
b,5,5b,5.5,5.515283333333333,5b_WBPth,2025-12-17,11:09:10.717000,Toxicity,Original,,109.9215850830078,0.4494208991527557,49.42703628540039,1.4370124340057373,1.202507495880127,0.2093088328838348,11.153897285461426,3.718770980834961,4.201777458190918,0.2768659293651581,0.2700148820877075,0.1970131993293762,25.179908752441406,36.75270080566406,0.1290881186723709,8.941256523132324,14.335944175720217,37.0,25.0,30.0,0.0,
b,6,6b,5.5,5.490366666666668,6b_WBPth,2025-12-17,11:13:18.940000,Toxicity,Original,,95.70916748046876,2.07874608039856,198.7382202148437,0.8013497591018677,0.8395412564277649,0.4603394865989685,11.153897285461426,9.483976364135742,8.633444786071777,0.3219911754131317,0.3052562177181244,0.7606606483459473,7.505588531494141,0.0,0.1715043038129806,9.718219757080078,14.89542007446289,37.0,25.0,30.0,0.0,
b,7,7b,5.5,5.483833333333333,7b_WBPth,2025-12-17,11:16:55.079000,Toxicity,Original,,85.80781555175781,2.458653450012207,211.02511596679688,0.6991814970970154,0.8757872581481934,0.4778306484222412,11.153897285461426,11.603032112121582,8.282005310058594,0.3375796973705292,0.3617418110370636,0.6951821446418762,9.290569305419922,0.0,0.1982751935720443,9.897672653198242,16.251951217651367,37.0,25.0,30.0,0.0,
b,8,8b,5.5,5.487333333333334,8b_WBPth,2025-12-17,11:27:48.763000,Toxicity,Original,,85.02557373046875,2.8269076347351074,239.90347290039065,0.5847920179367065,0.6774981021881104,0.5719491243362427,11.153897285461426,11.739048957824709,10.638951301574709,0.3629603087902069,0.3432943224906921,0.8941356539726257,13.480162620544434,0.0,0.2130803614854812,11.417213439941406,12.9644775390625,37.0,25.0,30.0,0.0,
b,9,9b,5.5,5.49145,9b_WBPth,2025-12-17,11:23:46.484000,Toxicity,Original,,94.49022674560548,1.897446155548096,179.2466278076172,0.9650417566299438,0.9414612054824828,0.4294952750205993,11.153897285461426,9.721528053283691,9.437274932861328,0.3484572768211365,0.286640465259552,0.832626223564148,9.798026084899902,0.0,0.1546703726053238,12.96210479736328,19.245586395263672,37.0,25.0,30.0,0.0,
b,2,2b,7.5,7.5087,2b_WBPth,2025-12-17,10:54:25.615000,Toxicity,Original,,200.093994140625,2.267235279083252,443.3480224609375,0.4807648360729217,0.6514452695846558,0.6025099754333496,11.153897285461426,20.9965763092041,15.399900436401367,0.1550687402486801,0.1473042964935302,1.3104921579360962,5.1610188484191895,0.0,0.0912399813532829,10.034461975097656,11.618916511535645,37.0,25.0,30.0,16.66666603088379,
b,4,4b,7.5,7.49105,4b_WBPth,2025-12-17,11:06:38.018000,Toxicity,Original,,107.78131103515624,1.8316054344177248,197.31851196289065,0.5865588188171387,0.589648425579071,0.7082540988922119,11.153897285461426,10.07602596282959,9.851059913635254,0.2921828329563141,0.2649324238300323,0.7410615086555481,8.250741004943848,0.0,0.1716349273920059,6.5218915939331055,10.487589836120604,37.0,25.0,30.0,0.0,
b,5,5b,7.5,7.515283333333333,5b_WBPth,2025-12-17,11:11:10.717000,Toxicity,Original,,128.07980346679688,0.3807924091815948,48.73576354980469,0.9411956071853638,0.8777329921722412,0.2474879771471023,11.153897285461426,3.7905545234680176,4.044720649719238,0.2159018218517303,0.2528448104858398,0.1590953171253204,50.69538497924805,0.0,0.1410750150680542,15.29818344116211,8.396052360534668,37.0,25.0,30.0,0.0,
b,6,6b,7.5,7.4903666666666675,6b_WBPth,2025-12-17,11:15:18.940000,Toxicity,Original,,81.98324584960938,2.086914539337158,170.38616943359375,0.5038497447967529,0.7052868604660034,0.7107998132705688,11.153897285461426,9.932056427001951,7.652272701263428,0.3425498902797699,0.3912006020545959,0.5526251792907715,13.046913146972656,0.0,0.2387891113758087,14.740406036376951,10.26169776916504,37.0,25.0,30.0,50.0,
b,7,7b,7.5,7.483833333333333,7b_WBPth,2025-12-17,11:18:55.079000,Toxicity,Original,,92.13384246826172,2.338778018951416,215.4720764160156,0.6417059898376465,0.7066594958305359,0.6115922927856445,11.153897285461426,10.199699401855469,9.585488319396973,0.3420152366161346,0.309307724237442,0.8250870704650879,10.974990844726562,0.0,0.1897689402103424,13.844764709472656,10.89894676208496,37.0,25.0,30.0,0.0,
b,8,8b,7.5,7.487333333333334,8b_WBPth,2025-12-17,11:29:48.763000,Toxicity,Original,,88.39275360107422,2.776582717895508,242.7306365966797,0.5959900617599487,0.5453441739082336,0.7201279401779175,11.153897285461426,12.342348098754885,15.099005699157717,0.3864975869655609,0.2955321073532104,1.1679030656814575,12.874393463134766,0.0,0.2032797336578369,16.303489685058594,9.597946166992188,37.0,25.0,30.0,0.0,
b,9,9b,7.5,7.49145,9b_WBPth,2025-12-17,11:25:46.484000,Toxicity,Original,,100.84384155273438,1.801679611206055,181.4737243652344,0.8256468772888184,0.7359344959259033,0.5531812906265259,11.153897285461426,7.992766380310059,9.499372482299805,0.3361978530883789,0.2592964470386505,0.838074803352356,10.592097282409668,0.0,0.1578460335731506,15.848828315734863,12.39577293395996,37.0,25.0,30.0,0.0,
c,2,2c,2.5,2.5049833333333336,2c_WBPth,2025-12-17,12:08:32.638000,Toxicity,Original,,76.73426818847656,1.9298312664031985,145.5469970703125,1.5615479946136477,1.775647521018982,0.18385910987854,11.153897285461426,9.94266128540039,6.712270736694336,0.3008037209510803,0.4840683341026306,0.5210400819778442,10.772297859191896,76.90126037597656,0.1784818172454834,5.436901092529297,30.80571556091309,37.0,25.0,30.0,0.0,
c,3,3c,2.5,2.4880166666666668,3c_WBPth,2025-12-17,12:11:29.087000,Toxicity,Original,,50.86824798583984,2.7469735145568848,139.73373413085938,0.9197203516960144,1.5144091844558716,0.3422183990478515,11.153897285461426,13.698271751403809,6.687801837921143,0.4431458413600921,0.7363718748092651,0.4234067499637604,24.70406723022461,0.0,0.3035700023174286,5.1144561767578125,10.239227294921877,37.0,25.0,30.0,0.0,
c,4,4c,2.5,2.549033333333333,4c_WBPth,2025-12-17,12:19:03.141000,Toxicity,Original,,177.8971710205078,0.2581360936164856,45.92167663574219,0.6515489220619202,1.0089268684387207,0.3872662484645843,11.153897285461426,3.0177180767059326,1.8034319877624512,0.1410260796546936,0.1962474137544632,0.1471858620643615,5.08717155456543,14.925403594970703,0.0991853177547454,10.65854835510254,29.0068588256836,37.0,25.0,30.0,88.88888549804688,
c,6,6c,2.5,2.49895,6c_WBPth,2025-12-17,12:25:16.290000,Toxicity,Original,,52.325138092041016,1.377934813499451,72.10063171386719,2.207879066467285,1.848329782485962,0.2331055253744125,11.153897285461426,6.093721389770508,6.0204057693481445,0.4431324005126953,0.703544020652771,0.2753713726997375,10.447985649108888,0.0,0.255413681268692,7.176842212677002,27.184324264526367,37.0,25.0,30.0,75.0,
c,7,7c,2.5,2.5005,7c_WBPth,2025-12-17,12:28:26.636000,Toxicity,Original,,59.74895095825195,0.8020849227905273,47.92373275756836,3.6620633602142334,6.004277229309082,0.0852267444133758,11.153897285461426,7.135860443115234,3.2142114639282227,0.2297969758510589,0.774404764175415,0.1662120819091797,6.746156692504883,457.4963684082031,0.1114731431007385,0.7281049489974976,57.36572265625,37.0,25.0,30.0,0.0,
c,8,8c,2.5,2.5,8c_WBPth,2025-12-17,12:38:22.891000,Toxicity,Original,,50.00853729248047,1.908851861953736,95.4588851928711,1.2213419675827026,1.5727853775024414,0.2817962765693664,11.153897285461426,9.461480140686035,4.597628116607666,0.4474785923957824,0.7523165941238403,0.2121506780385971,12.302689552307127,0.0,0.2998298704624176,,17.215248107910156,37.0,25.0,30.0,50.0,
c,9,9c,2.5,2.4802166666666663,9c_WBPth,2025-12-17,12:34:16.939000,Toxicity,Original,,42.64284133911133,2.3618741035461426,100.71702575683594,1.418856143951416,1.5327904224395752,0.2631986737251282,11.153897285461426,8.673937797546387,5.741421222686768,0.4799793362617492,0.92705637216568,0.469864159822464,18.24400329589844,0.0,0.3787163496017456,5.283144474029541,9.557721138000488,37.0,25.0,30.0,80.0,
c,2,2c,4.8,4.804983333333333,2c_WBPth,2025-12-17,12:10:50.638000,Toxicity,Original,,100.37448120117188,2.159759521484375,215.63250732421875,0.8572229743003845,0.9417452216148376,0.3763599991798401,11.153897285461426,13.4427490234375,10.97068977355957,0.2978435158729553,0.3049904704093933,0.8046365976333618,9.997284889221191,7.111969947814941,0.161306545138359,6.989404678344727,19.98682975769043,37.0,25.0,30.0,0.0,
c,3,3c,4.8,4.788016666666667,3c_WBPth,2025-12-17,12:13:47.087000,Toxicity,Original,,51.74936676025391,1.6737284660339355,87.01341247558594,2.428046464920044,2.4519145488739014,0.1497348845005035,11.153897285461426,8.548974990844727,6.654484748840332,0.4348333179950714,0.7284893989562988,0.2472479492425918,11.881808280944824,123.04804229736328,0.221559464931488,2.8457300662994385,24.51938247680664,37.0,25.0,30.0,71.42857360839844,
c,4,4c,4.8,4.8157000000000005,4c_WBPth,2025-12-17,12:21:19.141000,Toxicity,Original,,76.15066528320312,2.262089729309082,171.96585083007812,0.960590362548828,0.9082018733024596,0.3295600116252899,11.153897285461426,9.949021339416504,8.829012870788574,0.409119188785553,0.3801839351654053,0.6967729330062866,13.445927619934082,0.0,0.2083614468574524,8.33919906616211,19.31196975708008,37.0,25.0,30.0,0.0,
c,6,6c,4.8,4.832283333333334,6c_WBPth,2025-12-17,12:27:36.290000,Toxicity,Original,,52.48964309692383,2.0618367195129395,108.2250747680664,2.1078813076019287,2.152555227279663,0.1320414692163467,11.153897285461426,10.25933074951172,7.296096324920654,0.4766252934932709,0.6664572954177856,0.381558895111084,14.440584182739258,0.0,0.2262587547302246,8.78384780883789,18.06913185119629,37.0,25.0,30.0,88.88888549804688,
c,7,7c,4.8,4.8005,7c_WBPth,2025-12-17,12:30:44.636000,Toxicity,Original,,74.20770263671875,1.7028930187225342,126.31405639648438,1.4536665678024292,1.5497887134552002,0.2545884847640991,11.153897285461426,8.849918365478516,6.730854034423828,0.3819760084152221,0.4272874593734741,0.5149191617965698,9.242186546325684,18.014503479003903,0.1746750921010971,8.05845832824707,32.2977294921875,37.0,25.0,30.0,0.0,
c,8,8c,4.8,4.8,8c_WBPth,2025-12-17,12:40:40.891000,Toxicity,Original,,83.21002960205078,1.5323845148086548,127.1240005493164,0.8519765138626099,0.9652318358421326,0.4486501216888428,11.153897285461426,7.984045505523682,5.820765972137451,0.3545994460582733,0.3672252297401428,0.4892337620258331,9.722074508666992,0.0,0.1938443928956985,6.150590419769287,21.683956146240234,37.0,25.0,30.0,0.0,
c,9,9c,4.8,4.81355,9c_WBPth,2025-12-17,12:36:36.939000,Toxicity,Original,,61.2490234375,2.273942947387696,139.7095947265625,0.9502893090248108,1.148179292678833,0.1848733872175216,11.153897285461426,10.270962715148926,6.26104211807251,0.4220936894416809,0.558471143245697,0.486933171749115,16.386493682861328,9.568670272827148,0.264288067817688,3.274374008178711,18.898178100585938,37.0,25.0,30.0,33.33333206176758,
c,2,2c,5.5,5.504983333333333,2c_WBPth,2025-12-17,12:11:32.638000,Toxicity,Original,,106.82979583740234,1.978317856788636,210.50233459472656,0.9751793146133424,1.0056252479553225,0.4526273608207702,11.153897285461426,11.421689987182615,10.193866729736328,0.2754896879196167,0.2876595258712768,0.8441192507743835,7.917092800140381,2.785761833190918,0.1480788290500641,9.754923820495604,19.70528793334961,37.0,25.0,30.0,0.0,
c,3,3c,5.5,5.488016666666667,3c_WBPth,2025-12-17,12:14:29.087000,Toxicity,Original,,61.35427474975586,1.97911536693573,121.42719268798828,2.6929473876953125,2.3759255409240723,0.1419136673212051,11.153897285461426,8.492524147033691,7.75755500793457,0.4142039120197296,0.5637230277061462,0.6174824237823486,7.613175392150879,0.0,0.1713146120309829,6.284651279449463,27.88884353637696,37.0,25.0,30.0,0.0,
c,4,4c,5.5,5.5157,4c_WBPth,2025-12-17,12:22:01.141000,Toxicity,Original,,82.96485900878906,2.463122844696045,204.35533142089844,0.8436823487281799,0.8716818690299988,0.4100430905818939,11.153897285461426,10.866848945617676,10.10391902923584,0.3794976472854614,0.3437691330909729,0.7357467412948608,12.95486545562744,0.0,0.1953441649675369,12.116750717163086,17.78293228149414,37.0,25.0,30.0,0.0,
c,5,5c,5.5,5.49745,5c_WBPth,2025-12-17,12:25:14.037000,Toxicity,Original,,164.8894500732422,0.2434674501419067,40.14521408081055,0.7559785842895508,0.876345694065094,0.2982546985149383,11.153897285461426,2.5007030963897705,2.1473209857940674,0.2096495777368545,0.1542305946350097,0.1514043509960174,32.834739685058594,0.0,0.100261814892292,19.95255470275879,13.32417106628418,37.0,25.0,30.0,75.0,
c,6,6c,5.5,5.49895,6c_WBPth,2025-12-17,12:28:16.290000,Toxicity,Original,,64.79159545898438,1.220639705657959,76.55712127685547,1.880397081375122,1.8484883308410645,0.1394837200641632,11.153897285461426,5.518144607543945,4.245996952056885,0.4319760501384735,0.5032778382301331,0.251319020986557,8.17689037322998,74.94487762451172,0.1828097254037857,3.583097219467163,30.78832054138184,37.0,25.0,30.0,0.0,
c,7,7c,5.5,5.5005,7c_WBPth,2025-12-17,12:31:26.636000,Toxicity,Original,,75.45330810546875,1.7530618906021118,132.19601440429688,1.4607900381088257,1.2733192443847656,0.2912367582321167,11.153897285461426,7.330092430114746,7.51192045211792,0.428882896900177,0.3669302463531494,0.5914593935012817,7.697102069854736,0.0,0.1678855121135711,8.334177017211914,27.4510440826416,37.0,25.0,30.0,0.0,
c,8,8c,5.5,5.5,8c_WBPth,2025-12-17,12:41:22.891000,Toxicity,Original,,88.1988525390625,1.5790894031524658,139.36422729492188,0.9471418857574464,1.0313358306884766,0.3503075242042541,11.153897285461426,8.202252388000488,6.305103778839111,0.3069911599159241,0.3737942278385162,0.4679044485092163,8.045740127563477,4.509050369262695,0.1896688491106033,5.683815956115723,19.155742645263672,37.0,25.0,30.0,0.0,
c,9,9c,5.5,5.51355,9c_WBPth,2025-12-17,12:37:18.939000,Toxicity,Original,,68.1156005859375,1.9241702556610107,131.09881591796875,0.7884360551834106,0.881064236164093,0.6085820198059082,11.153897285461426,7.413510322570801,5.641873836517334,0.4533016979694366,0.4289520382881164,0.4360308647155761,12.651415824890137,0.0,0.2370434701442718,7.232849597930908,18.429119110107425,37.0,25.0,30.0,0.0,
c,2,2c,7.5,7.504983333333333,2c_WBPth,2025-12-17,12:13:32.638000,Toxicity,Original,,200.7767028808593,1.6910947561264038,324.0683898925781,0.5204934477806091,0.7087057828903198,0.5513376593589783,11.153897285461426,17.412715911865234,11.70703125,0.1491590440273285,0.1600584238767624,0.8923822045326233,5.304489612579346,0.0,0.096000462770462,7.939808368682861,11.181137084960938,37.0,25.0,30.0,0.0,
c,3,3c,7.5,7.488016666666667,3c_WBPth,2025-12-17,12:16:29.087000,Toxicity,Original,,78.4567642211914,1.7335739135742188,135.85153198242188,1.2678487300872805,1.3368139266967771,0.2388704717159271,11.153897285461426,9.659707069396973,7.822082042694092,0.3950890302658081,0.377283364534378,0.615494430065155,9.207738876342772,33.62031936645508,0.1684897541999817,5.927706718444824,20.793907165527344,37.0,25.0,30.0,0.0,
c,4,4c,7.5,7.5157,4c_WBPth,2025-12-17,12:24:01.141000,Toxicity,Original,,92.96990203857422,2.388075828552246,222.2265472412109,0.7120247483253479,0.70597904920578,0.4876303970813751,11.153897285461426,11.025781631469728,10.977581024169922,0.3467465937137604,0.2988867163658142,0.9656901359558104,16.615375518798828,0.0,0.1859260499477386,16.08953285217285,12.340838432312012,37.0,25.0,30.0,0.0,
c,5,5c,7.5,7.49745,5c_WBPth,2025-12-17,12:27:14.037000,Toxicity,Original,,94.43011474609376,0.3713573515415191,35.55421447753906,3.108508586883545,2.326709032058716,0.3567708730697632,11.153897285461426,2.758628845214844,3.317845106124878,0.2821179628372192,0.4184772968292236,0.1800686568021774,19.198467254638672,175.88597106933594,0.1455243825912475,12.687135696411133,8.328177452087402,37.0,25.0,30.0,0.0,
c,6,6c,7.5,7.49895,6c_WBPth,2025-12-17,12:30:16.290000,Toxicity,Original,,74.96903991699219,1.7632429599761963,131.57191467285156,1.4629054069519043,1.2834900617599487,0.3569758534431457,11.153897285461426,6.763734817504883,6.363783836364746,0.4004557132720947,0.402923583984375,0.5495555996894836,10.845064163208008,0.0,0.1818422824144363,6.852169036865234,25.978843688964844,37.0,25.0,30.0,0.0,
c,7,7c,7.5,7.5005,7c_WBPth,2025-12-17,12:33:26.636000,Toxicity,Original,,88.28656005859375,2.062377452850342,181.8955535888672,1.0451174974441528,1.0103819370269775,0.2698363959789276,11.153897285461426,9.81356716156006,8.70268440246582,0.3555378019809723,0.3254997730255127,0.6345318555831909,8.389078140258789,0.0,0.1675727367401123,7.6890459060668945,21.87372779846192,37.0,25.0,30.0,0.0,
c,8,8c,7.5,7.5,8c_WBPth,2025-12-17,12:43:22.891000,Toxicity,Original,,93.0221176147461,1.357857346534729,126.24884796142578,0.8287279605865479,0.8974633812904358,0.3290963768959045,11.153897285461426,6.766654968261719,5.644428730010986,0.3165919184684753,0.3285026848316192,0.4538732767105102,8.937610626220703,0.0,0.1786400526762008,8.221189498901367,17.00790786743164,37.0,25.0,30.0,0.0,
c,9,9c,7.5,7.513549999999999,9c_WBPth,2025-12-17,12:39:18.939000,Toxicity,Original,,74.44908905029297,1.7276742458343506,128.61639404296875,0.7645384669303894,0.7909781336784363,0.552684485912323,11.153897285461426,6.636739730834961,5.803536415100098,0.4320336282253265,0.3773403167724609,0.4704911410808563,9.19243335723877,0.0,0.2193088829517364,10.56704330444336,14.169544219970703,37.0,25.0,30.0,0.0,
d,2,2d,2.5,2.5088,2d_WBPth,2025-12-30,09:51:56.538000,Toxicity,Original,,50.41633987426758,2.743095636367798,138.29684448242188,0.9309555888175964,1.266178846359253,0.3706854283809662,11.153897285461426,11.109661102294922,6.970459938049316,0.4671053886413574,0.7229849696159363,0.5144650936126709,12.67722225189209,0.0,0.3297184407711029,3.733312606811523,48.12199020385742,37.0,25.0,30.0,83.33333587646484,
d,4,4d,2.5,2.5064166666666665,4d_WBPth,2025-12-30,09:53:56.806000,Toxicity,Original,,56.07036590576172,3.2526073455810547,182.3748779296875,1.3141148090362549,1.9112098217010496,0.3914427161216736,11.153897285461426,13.530497550964355,7.220442771911621,0.4365302324295044,0.6335537433624268,0.5784329771995544,17.1882266998291,135.96458435058594,0.2273538261651992,6.687182426452637,25.586151123046875,37.0,25.0,30.0,0.0,
d,5,5d,2.5,2.463016666666667,5d_WBPth,2025-12-30,10:00:20.923000,Toxicity,Original,,185.6312713623047,0.3593628108501434,42.1149787902832,0.6143760681152344,0.6884243488311768,0.4017612934112549,11.153897285461426,2.388361930847168,2.133995532989502,0.2209881246089935,0.3095313906669616,0.1258999556303024,7.44465446472168,153.94056701660156,0.1867984533309936,7.74913215637207,19.55015563964844,37.0,25.0,30.0,50.0,
d,6,6d,2.5,2.4778333333333333,6d_WBPth,2025-12-30,10:04:05.067000,Toxicity,Original,,119.92586517333984,1.390228033065796,82.86824035644531,1.1782994270324707,0.9460254907608032,0.4569924473762512,11.153897285461426,6.515230178833008,6.332278251647949,0.3452460169792175,0.4959205687046051,0.4441816806793213,4.831465244293213,82.11849975585938,0.2336377054452896,10.683708190917969,28.957130432128903,37.0,25.0,30.0,80.0,
d,7,7d,2.5,2.4787666666666666,7d_WBPth,2025-12-30,10:08:04.710000,Toxicity,Original,,38.07487106323242,2.760911464691162,105.12134552001952,2.1936914920806885,2.519402027130127,0.2419726103544235,11.153897285461426,13.338006019592283,8.210977554321289,0.3938906192779541,1.181951880455017,0.4364919662475586,18.917377471923828,395.7692260742188,0.3456474542617798,10.311002731323242,14.773186683654783,37.0,25.0,30.0,50.0,
d,8,8d,2.5,2.5125333333333333,8d_WBPth,2025-12-30,10:10:59.098000,Toxicity,Original,,41.41344833374024,3.871049165725708,160.31349182128906,1.248093605041504,1.4138154983520508,0.18152616918087,11.153897285461426,14.250778198242188,8.135347366333008,0.5123007297515869,0.936504065990448,0.6899465322494507,36.026885986328125,0.0,0.3989265561103821,4.340379238128662,33.01395034790039,37.0,25.0,30.0,83.33333587646484,
d,9,9d,2.5,2.499816666666667,9d_WBPth,2025-12-30,10:14:59.176000,Toxicity,Original,,46.46356964111328,2.9978818893432617,139.29229736328125,1.288297414779663,1.4851973056793213,0.2453697174787521,11.153897285461426,10.683758735656738,6.229899883270264,0.5414454936981201,0.7498887777328491,0.357150673866272,16.8919620513916,0.0,0.3139485716819763,3.676922082901001,17.22258949279785,37.0,25.0,30.0,0.0,
d,2,2d,4.8,4.808800000000001,2d_WBPth,2025-12-30,09:54:14.538000,Toxicity,Original,,55.518436431884766,2.4253082275390625,134.66232299804688,1.3827500343322754,1.4455595016479492,0.1763664782047271,11.153897285461426,10.710052490234377,7.542252540588379,0.5136762261390686,0.5683941841125488,0.5244347453117371,14.467403411865234,0.0,0.241277813911438,5.86771821975708,34.10836410522461,37.0,25.0,30.0,0.0,
d,3,3d,4.8,4.80875,3d_WBPth,2025-12-30,09:59:38.461000,Toxicity,Original,,64.22187042236328,2.815239191055298,180.80239868164065,0.9182963967323304,1.0491528511047363,0.4847164750099182,11.153897285461426,11.635248184204102,8.464153289794922,0.4688194394111633,0.4656373858451843,0.717374861240387,13.467511177062988,0.0,0.235248401761055,7.214145660400391,24.179218292236328,37.0,25.0,30.0,33.33333206176758,
d,4,4d,4.8,4.806416666666666,4d_WBPth,2025-12-30,09:56:14.806000,Toxicity,Original,,63.204627990722656,2.3636391162872314,149.97900390625,1.9389126300811768,1.7095770835876465,0.3529401123523712,11.153897285461426,9.15772533416748,8.164711952209473,0.4208465218544006,0.5300748348236084,0.5756257772445679,10.70510482788086,90.84042358398438,0.2137929201126098,4.660320281982422,23.61484146118164,37.0,25.0,30.0,0.0,
d,5,5d,4.8,4.79635,5d_WBPth,2025-12-30,10:02:40.923000,Toxicity,Original,,212.20489501953125,0.2441528439521789,33.72998046875,1.18700909614563,1.1648671627044678,0.6526669263839722,11.153897285461426,2.618966579437256,2.598707675933838,0.162383422255516,0.2850435078144073,0.1474961191415786,26.007640838623047,75.3570785522461,0.1165744066238403,15.433039665222168,13.274572372436523,37.0,25.0,30.0,66.66666412353516,
d,6,6d,4.8,4.811166666666667,6d_WBPth,2025-12-30,10:06:25.067000,Toxicity,Original,,73.97840118408203,1.8296879529953003,135.35739135742188,1.2590477466583252,1.183434009552002,0.4650730490684509,11.153897285461426,7.705692768096924,6.474797248840332,0.3552051782608032,0.45584237575531,0.5693818926811218,7.204451560974121,0.0,0.2136129289865493,4.8898701667785645,20.68044090270996,37.0,25.0,30.0,50.0,
d,7,7d,4.8,4.8121,7d_WBPth,2025-12-30,10:10:24.710000,Toxicity,Original,,83.53766632080078,2.6238439083099365,218.20361328125,0.9234023690223694,0.9946534037590028,0.4347344636917114,11.153897285461426,12.496078491210938,9.37535572052002,0.3551809787750244,0.3676240444183349,0.8025211691856384,9.198664665222168,0.0,0.1908114850521087,6.501876831054688,18.51689910888672,37.0,25.0,30.0,0.0,
d,8,8d,4.8,4.8125333333333336,8d_WBPth,2025-12-30,10:13:17.098000,Toxicity,Original,,58.15503692626953,2.5489602088928223,147.33262634277344,2.102302074432373,2.0124707221984863,0.1014309525489807,11.153897285461426,12.477380752563477,7.661727905273437,0.4649458527565002,0.5987844467163086,0.4731661677360534,9.115775108337402,74.0473403930664,0.2036211341619491,0.9667541980743408,32.1490478515625,37.0,25.0,30.0,33.33333206176758,
d,9,9d,4.8,4.7998,9d_WBPth,2025-12-30,10:17:17.175000,Toxicity,Original,,136.37950134277344,0.1362477391958236,18.581398010253903,0.5581485033035278,0.8165308833122253,0.1264202445745468,11.153897285461426,1.711881160736084,1.1686348915100098,0.123543806374073,0.3164049983024597,0.0687542930245399,5.100220680236816,226.41720581054688,0.1749580204486847,,12.492690086364746,37.0,25.0,30.0,83.33333587646484,
d,2,2d,5.5,5.5088,2d_WBPth,2025-12-30,09:54:56.538000,Toxicity,Original,,67.47443389892578,2.407186269760132,162.4235382080078,1.1193983554840088,1.1792309284210205,0.4661830961704254,11.153897285461426,10.274508476257324,7.29256534576416,0.485950618982315,0.4032750427722931,0.5157603621482849,9.050580024719238,111.67170715332033,0.1895071268081665,1.98175060749054,38.705116271972656,37.0,25.0,30.0,87.5,
d,3,3d,5.5,5.50875,3d_WBPth,2025-12-30,10:00:20.461000,Toxicity,Original,,72.44639587402344,2.5475082397460938,183.4825134277344,0.9058107137680054,1.0080479383468628,0.5276775360107422,11.153897285461426,10.159677505493164,8.33028507232666,0.4061552286148071,0.430027425289154,0.7184256315231323,12.212379455566406,0.0,0.2248243242502212,9.351940155029297,23.06581687927246,37.0,25.0,30.0,0.0,
d,4,4d,5.5,5.5064166666666665,4d_WBPth,2025-12-30,09:56:56.806000,Toxicity,Original,,67.326171875,2.47546935081482,166.6109619140625,1.054016351699829,1.0811405181884766,0.4668369889259338,11.153897285461426,10.601892471313477,8.228042602539062,0.4490864872932434,0.4424293041229248,0.7264347076416016,10.336575508117676,0.0,0.2201376855373382,7.303079605102539,19.826847076416016,37.0,25.0,30.0,0.0,
d,5,5d,5.5,5.529683333333334,5d_WBPth,2025-12-30,10:03:24.923000,Toxicity,Original,,81.81988525390625,0.564834713935852,46.2147102355957,1.4650598764419556,1.038238763809204,0.1086755245923996,11.153897285461426,3.7741665840148926,4.115396976470947,0.3652499318122864,0.3680681586265564,0.1890727430582046,3.7078065872192383,152.68397521972656,0.1844233274459839,,5.716050624847412,37.0,25.0,30.0,85.71428680419922,
d,6,6d,5.5,5.511166666666667,6d_WBPth,2025-12-30,10:07:07.067000,Toxicity,Original,,76.448486328125,1.9485042095184328,149.0181884765625,1.162069320678711,0.9984086155891418,0.4319924116134643,11.153897285461426,7.476407051086426,7.539731979370117,0.3968622088432312,0.3885815143585205,0.5254106521606445,8.604351043701172,21.961305618286133,0.2106068432331085,6.124405860900879,14.994182586669922,37.0,25.0,30.0,0.0,
d,7,7d,5.5,5.5121,7d_WBPth,2025-12-30,10:11:06.710000,Toxicity,Original,,89.24452209472656,2.267516851425171,202.0951538085937,0.7957264184951782,0.9636876583099364,0.4630512297153473,11.153897285461426,11.603426933288574,8.720407485961914,0.3351420164108276,0.3381264805793762,0.7581445574760437,8.056716918945312,0.0,0.1772023886442184,7.533767700195312,22.472639083862305,37.0,25.0,30.0,0.0,
d,8,8d,5.5,5.512533333333334,8d_WBPth,2025-12-30,10:13:59.098000,Toxicity,Original,,64.3233642578125,2.4149515628814697,155.3378143310547,0.3240126669406891,0.470780998468399,0.8324374556541443,11.153897285461426,12.41351318359375,8.636130332946777,0.401816189289093,0.5309708118438721,0.6838372945785522,13.75989818572998,0.0,0.3691202700138092,8.008009910583496,4.902592182159424,37.0,25.0,30.0,0.0,
d,9,9d,5.5,5.4998,9d_WBPth,2025-12-30,10:17:59.175000,Toxicity,Original,,63.78820037841797,2.29674768447876,146.50540161132812,1.3399173021316528,1.2706414461135864,0.1792739778757095,11.153897285461426,9.682820320129396,8.787720680236816,0.4162757098674774,0.524337112903595,0.5517783164978027,9.719688415527344,0.0,0.2408616840839386,8.26685619354248,46.05430603027344,37.0,25.0,30.0,66.66666412353516,
d,2,2d,7.5,7.5088,2d_WBPth,2025-12-30,09:56:56.538000,Toxicity,Original,,65.17591094970703,2.540677070617676,165.56893920898438,1.388795256614685,1.2599904537200928,0.2967814207077026,11.153897285461426,9.542463302612305,8.260740280151367,0.450415164232254,0.4701805412769317,0.5588356852531433,8.669217109680176,0.0,0.2158673554658889,3.578054904937744,23.40711212158203,37.0,25.0,30.0,0.0,
d,3,3d,7.5,7.50875,3d_WBPth,2025-12-30,10:02:20.461000,Toxicity,Original,,80.55290222167969,2.587106227874756,207.2115173339844,1.2039690017700195,1.107410550117493,0.5213865041732788,11.153897285461426,12.982414245605469,12.033984184265137,0.3766015768051147,0.3789716958999634,0.9152631759643556,10.426802635192873,33.40400695800781,0.1877148002386093,9.060001373291016,14.775327682495115,37.0,25.0,30.0,0.0,
d,4,4d,7.5,7.506416666666666,4d_WBPth,2025-12-30,09:58:56.806000,Toxicity,Original,,69.68384552001953,2.2949557304382324,160.6699676513672,0.8214489817619324,0.8668558597564697,0.6354773044586182,11.153897285461426,12.216081619262695,10.779040336608888,0.3445238769054413,0.5239609479904175,0.914743423461914,16.37578582763672,100.72293853759766,0.2924185395240783,5.73834753036499,9.53159523010254,37.0,25.0,30.0,0.0,
d,5,5d,7.5,7.49635,5d_WBPth,2025-12-30,10:05:22.923000,Toxicity,Original,,103.37184143066406,0.337661862373352,34.87373352050781,1.1498980522155762,1.413519024848938,0.4817147850990295,11.153897285461426,4.136844158172607,3.3938148021698,0.2085965275764465,0.3792703747749328,0.1731584072113037,46.96271133422852,59.257205963134766,0.1568581610918045,9.847403526306152,16.438961029052734,37.0,25.0,30.0,50.0,
d,6,6d,7.5,7.477833333333334,6d_WBPth,2025-12-30,10:09:05.067000,Toxicity,Original,,87.4002914428711,1.8719220161437988,163.80140686035156,0.7935442328453064,0.7701245546340942,0.5857375264167786,11.153897285461426,8.301618576049805,8.540471076965332,0.3634534180164337,0.3252982199192047,0.7237982153892517,11.867902755737305,0.0,0.1913482695817947,10.502090454101562,13.34416675567627,37.0,25.0,30.0,0.0,
d,7,7d,7.5,7.5121,7d_WBPth,2025-12-30,10:13:06.710000,Toxicity,Original,,89.81904602050781,2.0887913703918457,187.5052032470703,0.680374026298523,0.8552244901657104,0.4664927423000335,11.153897285461426,11.004450798034668,7.713020324707031,0.3296776115894317,0.338427871465683,0.5565001964569092,8.653651237487793,0.0,0.1893928200006485,8.345824241638184,16.06687355041504,37.0,25.0,30.0,0.0,
d,8,8d,7.5,7.512533333333334,8d_WBPth,2025-12-30,10:15:59.098000,Toxicity,Original,,64.62831115722656,2.6234850883483887,169.03843688964844,1.643115520477295,1.170915126800537,0.3052163124084472,11.153897285461426,10.161054611206056,10.084714889526367,0.5184106230735779,0.4130274355411529,0.676904559135437,8.949575424194336,24.383474349975582,0.2016221582889557,3.0732462406158447,19.684131622314453,37.0,25.0,30.0,0.0,
d,9,9d,7.5,7.4998,9d_WBPth,2025-12-30,10:19:59.175000,Toxicity,Original,,54.28107452392578,1.8884268999099727,103.24581909179688,1.7928005456924438,2.192549705505371,0.2767002284526825,11.153897285461426,8.344703674316406,5.664244651794434,0.4914486408233642,0.6163239479064941,0.398057073354721,9.00454330444336,96.96424865722656,0.2012390792369842,4.556512832641602,30.465505599975582,37.0,25.0,30.0,0.0,
e,1,1e,2.5,2.5066,1e_WBPth,2025-12-30,11:01:29.500000,Toxicity,Original,,43.97065734863281,2.0690114498138428,90.97579193115234,1.955799221992493,2.5546693801879883,0.1991863846778869,11.153897285461426,10.83195686340332,6.100086688995361,0.4508292973041534,0.9137170910835266,0.1891167908906936,12.420293807983398,164.53311157226562,0.2629642784595489,0.7495606541633606,,37.0,25.0,30.0,0.0,
e,2,2e,2.5,2.5122166666666668,2e_WBPth,2025-12-30,11:07:35.805000,Toxicity,Original,,181.9174041748047,0.15098437666893,27.466686248779297,0.4849466979503631,0.9266573786735536,0.5619316697120667,11.153897285461426,1.5720281600952148,0.7477336525917053,0.1660990267992019,0.1637209802865982,0.0537572242319583,8.869254112243652,0.0,0.087437130510807,12.81778049468994,19.68528175354004,37.0,25.0,30.0,80.0,
e,3,3e,2.5,2.484183333333333,3e_WBPth,2025-12-30,11:10:12.807000,Toxicity,Original,,47.92256927490234,3.5690507888793945,171.0380859375,0.9211856722831726,1.1856298446655271,0.5410435199737549,11.153897285461426,13.80002498626709,7.269108772277832,0.5570663213729858,0.6949533224105835,0.4932014644145965,13.31602668762207,0.0,0.3363882005214691,7.729060173034668,31.510560989379883,37.0,25.0,30.0,0.0,
e,1,1e,4.8,4.8066,1e_WBPth,2025-12-30,11:03:47.500000,Toxicity,Original,,138.43673706054688,0.8439407348632812,116.83240509033205,0.3083904981613159,0.5398422479629517,0.6274978518486023,11.153897285461426,6.835753917694092,3.908057928085327,0.2294261902570724,0.2039847522974014,0.3320038318634033,21.67695999145508,0.0,0.1373721212148666,24.77670669555664,32.2468376159668,37.0,25.0,30.0,85.71428680419922,
e,2,2e,4.8,4.812216666666667,2e_WBPth,2025-12-30,11:09:53.805000,Toxicity,Original,,137.39097595214844,0.120843306183815,16.602779388427734,4.745859622955322,3.889353275299072,0.1597855687141418,11.153897285461426,1.7569208145141602,1.6531630754470823,0.1488240957260131,0.287885844707489,0.0846861228346824,8.114119529724121,166.63885498046875,0.0610735416412353,10.07269287109375,54.14940643310547,37.0,25.0,30.0,83.33333587646484,
e,3,3e,4.8,4.784183333333333,3e_WBPth,2025-12-30,11:12:30.807000,Toxicity,Original,,44.45294189453125,4.2545599937438965,189.1277008056641,0.2602005898952484,1.174500823020935,0.3856202065944671,11.153897285461426,45.34769058227539,9.359359741210938,0.3020789623260498,1.0476629734039309,0.4461908638477325,122.13504028320312,0.0,0.4855147898197174,15.063878059387209,25.847814559936523,37.0,25.0,30.0,97.7272720336914,
e,1,1e,5.5,5.506600000000001,1e_WBPth,2025-12-30,11:04:29.500000,Toxicity,Original,,127.82257843017578,1.3743780851364136,87.03764343261719,1.5034029483795166,1.2550376653671265,0.347571462392807,11.153897285461426,5.336737155914307,4.618499279022217,0.3340006470680237,0.3521602749824524,0.3743594884872436,8.615837097167969,0.0,0.1528511643409729,6.82352352142334,15.750286102294922,37.0,25.0,30.0,60.0,
e,2,2e,5.5,5.512216666666666,2e_WBPth,2025-12-30,11:10:35.805000,Toxicity,Original,,43.8072395324707,3.893165826797485,170.54884338378906,1.4570461511611938,1.7958015203475952,0.2194638103246688,11.153897285461426,14.163934707641602,9.38051700592041,0.4400984346866607,0.9295382499694824,0.7219787836074829,12.943977355957031,0.0,0.3408338725566864,6.041040897369385,40.892333984375,37.0,25.0,30.0,66.66666412353516,
e,3,3e,5.5,5.55085,3e_WBPth,2025-12-30,11:13:16.807000,Toxicity,Original,,62.87252426147461,3.0208351612091064,189.9275360107422,0.4029462039470672,0.6805480718612671,0.9644820094108582,11.153897285461426,17.345714569091797,11.214268684387209,0.32599538564682,0.6283165216445923,0.6157557964324951,4.209100723266602,0.0,0.3771254122257232,3.550570011138916,7.255704879760742,37.0,25.0,30.0,98.64865112304688,
e,1,1e,7.5,7.473266666666666,1e_WBPth,2025-12-30,11:06:27.500000,Toxicity,Original,,117.39932250976562,1.2398712635040283,92.86784362792967,0.7111552953720093,0.7693871855735779,0.5355340838432312,11.153897285461426,6.3185625076293945,4.422276973724365,0.3077902197837829,0.3494578599929809,0.3263044655323028,18.307758331298828,47.61236572265625,0.1906483769416809,15.139371871948242,17.961490631103516,37.0,25.0,30.0,40.0,
e,2,2e,7.5,7.478883333333333,2e_WBPth,2025-12-30,11:12:33.805000,Toxicity,Original,,34.417457580566406,3.625441551208496,124.77848052978516,1.9588558673858645,1.7793234586715698,0.4148286581039428,11.153897285461426,12.92104721069336,7.751033306121826,0.6006609797477722,1.142640471458435,0.6617618203163147,75.56776428222656,0.0,0.4253808557987213,4.065528869628906,17.77005386352539,37.0,25.0,30.0,50.0,
e,3,3e,7.5,7.45085,3e_WBPth,2025-12-30,11:15:10.807000,Toxicity,Original,,36.38579559326172,4.269431114196777,155.34664916992188,1.227684736251831,2.422121286392212,0.4296160936355591,11.153897285461426,16.399049758911133,5.886166572570801,0.4432674348354339,1.2057276964187622,0.5108224153518677,62.62228393554688,280.7718200683594,0.361752450466156,5.530235767364502,13.779743194580078,37.0,25.0,30.0,90.0,
