Parameter,Comparison,Group1,Group2,N_Group1,N_Group2,Mean_Group1,Mean_Group2,Std_Group1,Std_Group2,t_statistic,p_value_raw,p_value_corrected,Significance,Is_Significant,ANOVA_F,ANOVA_p,ANOVA_Significant
f,A vs B,A,B,28,28,76.1617,91.9825,23.185,27.2813,-2.3383,0.023107,0.231065,ns,NO,0.8785,0.478872,NO
f,A vs C,A,C,28,32,76.1617,83.634,23.185,37.7289,-0.9081,0.36757,1.0,ns,NO,0.8785,0.478872,NO
f,A vs D,A,D,28,32,76.1617,78.3316,23.185,38.8874,-0.2577,0.797526,1.0,ns,NO,0.8785,0.478872,NO
f,A vs E,A,E,28,12,76.1617,84.733,23.185,51.9497,-0.7284,0.470838,1.0,ns,NO,0.8785,0.478872,NO
f,B vs C,B,C,28,32,91.9825,83.634,27.2813,37.7289,0.9695,0.336314,1.0,ns,NO,0.8785,0.478872,NO
f,B vs D,B,D,28,32,91.9825,78.3316,27.2813,38.8874,1.5524,0.126009,1.0,ns,NO,0.8785,0.478872,NO
f,B vs E,B,E,28,12,91.9825,84.733,27.2813,51.9497,0.5805,0.565003,1.0,ns,NO,0.8785,0.478872,NO
f,C vs D,C,D,32,32,83.634,78.3316,37.7289,38.8874,0.5536,0.581844,1.0,ns,NO,0.8785,0.478872,NO
f,C vs E,C,E,32,12,83.634,84.733,37.7289,51.9497,-0.0774,0.938638,1.0,ns,NO,0.8785,0.478872,NO
f,D vs E,D,E,32,12,78.3316,84.733,38.8874,51.9497,-0.4429,0.660097,1.0,ns,NO,0.8785,0.478872,NO
TVb,A vs B,A,B,28,28,2.4,2.0632,0.4389,0.8242,1.9084,0.061662,0.616624,ns,NO,3.656,0.007459,YES
TVb,A vs C,A,C,28,32,2.4,1.6215,0.4389,0.697,5.0901,4e-06,4.1e-05,***,YES,3.656,0.007459,YES
TVb,A vs D,A,D,28,32,2.4,2.1681,0.4389,0.9516,1.183,0.241651,1.0,ns,NO,3.656,0.007459,YES
TVb,A vs E,A,E,28,12,2.4,2.3693,0.4389,1.5837,0.0958,0.924212,1.0,ns,NO,3.656,0.007459,YES
TVb,B vs C,B,C,28,32,2.0632,1.6215,0.8242,0.697,2.2493,0.028308,0.283079,ns,NO,3.656,0.007459,YES
TVb,B vs D,B,D,28,32,2.0632,2.1681,0.8242,0.9516,-0.4532,0.652099,1.0,ns,NO,3.656,0.007459,YES
TVb,B vs E,B,E,28,12,2.0632,2.3693,0.8242,1.5837,-0.8069,0.424735,1.0,ns,NO,3.656,0.007459,YES
TVb,C vs D,C,D,32,32,1.6215,2.1681,0.697,0.9516,-2.6214,0.011001,0.110015,ns,NO,3.656,0.007459,YES
TVb,C vs E,C,E,32,12,1.6215,2.3693,0.697,1.5837,-2.1923,0.033948,0.339483,ns,NO,3.656,0.007459,YES
TVb,D vs E,D,E,32,12,2.1681,2.3693,0.9516,1.5837,-0.5163,0.608386,1.0,ns,NO,3.656,0.007459,YES
MVb,A vs B,A,B,28,28,182.7432,183.4496,61.0854,88.5817,-0.0347,0.972417,1.0,ns,NO,5.3965,0.000479,YES
MVb,A vs C,A,C,28,32,182.7432,124.9294,61.0854,66.4878,3.4892,0.000932,0.009319,**,YES,5.3965,0.000479,YES
MVb,A vs D,A,D,28,32,182.7432,136.3714,61.0854,53.8899,3.1245,0.00278,0.0278,*,YES,5.3965,0.000479,YES
MVb,A vs E,A,E,28,12,182.7432,119.3792,61.0854,58.7945,3.0389,0.00428,0.042804,*,YES,5.3965,0.000479,YES
MVb,B vs C,B,C,28,32,183.4496,124.9294,88.5817,66.4878,2.9157,0.005037,0.050373,ns,NO,5.3965,0.000479,YES
MVb,B vs D,B,D,28,32,183.4496,136.3714,88.5817,53.8899,2.5217,0.014449,0.144489,ns,NO,5.3965,0.000479,YES
MVb,B vs E,B,E,28,12,183.4496,119.3792,88.5817,58.7945,2.2899,0.027669,0.276693,ns,NO,5.3965,0.000479,YES
MVb,C vs D,C,D,32,32,124.9294,136.3714,66.4878,53.8899,-0.7563,0.452345,1.0,ns,NO,5.3965,0.000479,YES
MVb,C vs E,C,E,32,12,124.9294,119.3792,66.4878,58.7945,0.254,0.800762,1.0,ns,NO,5.3965,0.000479,YES
MVb,D vs E,D,E,32,12,136.3714,119.3792,53.8899,58.7945,0.9091,0.368475,1.0,ns,NO,5.3965,0.000479,YES
Penh,A vs B,A,B,28,28,0.9816,1.0077,0.4745,0.531,-0.1939,0.846983,1.0,ns,NO,2.6404,0.036812,YES
Penh,A vs C,A,C,28,32,0.9816,1.6744,0.4745,1.5685,-2.2468,0.028472,0.284723,ns,NO,2.6404,0.036812,YES
Penh,A vs D,A,D,28,32,0.9816,1.2271,0.4745,0.4951,-1.9534,0.055601,0.556008,ns,NO,2.6404,0.036812,YES
Penh,A vs E,A,E,28,12,0.9816,1.3281,0.4745,1.2367,-1.2936,0.203613,1.0,ns,NO,2.6404,0.036812,YES
Penh,B vs C,B,C,28,32,1.0077,1.6744,0.531,1.5685,-2.1423,0.036377,0.363771,ns,NO,2.6404,0.036812,YES
Penh,B vs D,B,D,28,32,1.0077,1.2271,0.531,0.4951,-1.6553,0.103257,1.0,ns,NO,2.6404,0.036812,YES
Penh,B vs E,B,E,28,12,1.0077,1.3281,0.531,1.2367,-1.158,0.254089,1.0,ns,NO,2.6404,0.036812,YES
Penh,C vs D,C,D,32,32,1.6744,1.2271,1.5685,0.4951,1.5384,0.129036,1.0,ns,NO,2.6404,0.036812,YES
Penh,C vs E,C,E,32,12,1.6744,1.3281,1.5685,1.2367,0.6871,0.495771,1.0,ns,NO,2.6404,0.036812,YES
Penh,D vs E,D,E,32,12,1.2271,1.3281,0.4951,1.2367,-0.3914,0.697491,1.0,ns,NO,2.6404,0.036812,YES
PAU,A vs B,A,B,28,28,1.0351,1.0482,0.4001,0.5402,-0.1029,0.918437,1.0,ns,NO,3.4334,0.010603,YES
PAU,A vs C,A,C,28,32,1.0351,1.7459,0.4001,1.4419,-2.5224,0.014422,0.144216,ns,NO,3.4334,0.010603,YES
PAU,A vs D,A,D,28,32,1.0351,1.3244,0.4001,0.6753,-1.9812,0.052312,0.523122,ns,NO,3.4334,0.010603,YES
PAU,A vs E,A,E,28,12,1.0351,1.5811,0.4001,0.976,-2.5352,0.015474,0.154735,ns,NO,3.4334,0.010603,YES
PAU,B vs C,B,C,28,32,1.0482,1.7459,0.5402,1.4419,-2.4144,0.018938,0.189376,ns,NO,3.4334,0.010603,YES
PAU,B vs D,B,D,28,32,1.0482,1.3244,0.5402,0.6753,-1.7322,0.08856,0.885602,ns,NO,3.4334,0.010603,YES
PAU,B vs E,B,E,28,12,1.0482,1.5811,0.5402,0.976,-2.2219,0.032317,0.323171,ns,NO,3.4334,0.010603,YES
PAU,C vs D,C,D,32,32,1.7459,1.3244,1.4419,0.6753,1.4977,0.139276,1.0,ns,NO,3.4334,0.010603,YES
PAU,C vs E,C,E,32,12,1.7459,1.5811,1.4419,0.976,0.3646,0.717239,1.0,ns,NO,3.4334,0.010603,YES
PAU,D vs E,D,E,32,12,1.3244,1.5811,0.6753,0.976,-0.9906,0.327542,1.0,ns,NO,3.4334,0.010603,YES
Rpef,A vs B,A,B,28,28,0.4448,0.4369,0.1676,0.189,0.1657,0.868993,1.0,ns,NO,3.2428,0.014321,YES
Rpef,A vs C,A,C,28,32,0.4448,0.3107,0.1676,0.1354,3.4251,0.001135,0.011347,*,YES,3.2428,0.014321,YES
Rpef,A vs D,A,D,28,32,0.4448,0.3895,0.1676,0.17,1.2656,0.21072,1.0,ns,NO,3.2428,0.014321,YES
Rpef,A vs E,A,E,28,12,0.4448,0.4489,0.1676,0.2217,-0.0639,0.949413,1.0,ns,NO,3.2428,0.014321,YES
Rpef,B vs C,B,C,28,32,0.4369,0.3107,0.189,0.1354,2.9993,0.003982,0.039821,*,YES,3.2428,0.014321,YES
Rpef,B vs D,B,D,28,32,0.4369,0.3895,0.189,0.17,1.0229,0.31058,1.0,ns,NO,3.2428,0.014321,YES
Rpef,B vs E,B,E,28,12,0.4369,0.4489,0.189,0.2217,-0.1746,0.862347,1.0,ns,NO,3.2428,0.014321,YES
Rpef,C vs D,C,D,32,32,0.3107,0.3895,0.1354,0.17,-2.0501,0.044587,0.445865,ns,NO,3.2428,0.014321,YES
Rpef,C vs E,C,E,32,12,0.3107,0.4489,0.1354,0.2217,-2.5113,0.01596,0.159602,ns,NO,3.2428,0.014321,YES
Rpef,D vs E,D,E,32,12,0.3895,0.4489,0.17,0.2217,-0.9487,0.348222,1.0,ns,NO,3.2428,0.014321,YES
Comp,A vs B,A,B,28,28,11.1539,11.1539,0.0,0.0,,,,N/A,NO,,,NO
Comp,A vs C,A,C,28,32,11.1539,11.1539,0.0,0.0,,,,N/A,NO,,,NO
Comp,A vs D,A,D,28,32,11.1539,11.1539,0.0,0.0,,,,N/A,NO,,,NO
Comp,A vs E,A,E,28,12,11.1539,11.1539,0.0,0.0,,,,N/A,NO,,,NO
Comp,B vs C,B,C,28,32,11.1539,11.1539,0.0,0.0,,,,N/A,NO,,,NO
Comp,B vs D,B,D,28,32,11.1539,11.1539,0.0,0.0,,,,N/A,NO,,,NO
Comp,B vs E,B,E,28,12,11.1539,11.1539,0.0,0.0,,,,N/A,NO,,,NO
Comp,C vs D,C,D,32,32,11.1539,11.1539,0.0,0.0,,,,N/A,NO,,,NO
Comp,C vs E,C,E,32,12,11.1539,11.1539,0.0,0.0,,,,N/A,NO,,,NO
Comp,D vs E,D,E,32,12,11.1539,11.1539,0.0,0.0,,,,N/A,NO,,,NO
PIFb,A vs B,A,B,28,28,10.7881,10.2893,2.7341,4.2161,0.5253,0.601543,1.0,ns,NO,2.2564,0.066639,NO
PIFb,A vs C,A,C,28,32,10.7881,8.3051,2.7341,3.3833,3.0971,0.00301,0.030098,*,YES,2.2564,0.066639,NO
PIFb,A vs D,A,D,28,32,10.7881,9.5876,2.7341,3.4839,1.4695,0.147111,1.0,ns,NO,2.2564,0.066639,NO
PIFb,A vs E,A,E,28,12,10.7881,12.7191,2.7341,11.603,-0.841,0.405592,1.0,ns,NO,2.2564,0.066639,NO
PIFb,B vs C,B,C,28,32,10.2893,8.3051,4.2161,3.3833,2.021,0.0479,0.478998,ns,NO,2.2564,0.066639,NO
PIFb,B vs D,B,D,28,32,10.2893,9.5876,4.2161,3.4839,0.7057,0.483171,1.0,ns,NO,2.2564,0.066639,NO
PIFb,B vs E,B,E,28,12,10.2893,12.7191,4.2161,11.603,-0.9804,0.333106,1.0,ns,NO,2.2564,0.066639,NO
PIFb,C vs D,C,D,32,32,8.3051,9.5876,3.3833,3.4839,-1.4938,0.140291,1.0,ns,NO,2.2564,0.066639,NO
PIFb,C vs E,C,E,32,12,8.3051,12.7191,3.3833,11.603,-1.9724,0.055177,0.551774,ns,NO,2.2564,0.066639,NO
PIFb,D vs E,D,E,32,12,9.5876,12.7191,3.4839,11.603,-1.3912,0.171486,1.0,ns,NO,2.2564,0.066639,NO
PEFb,A vs B,A,B,28,28,8.9663,8.6837,2.4277,3.3103,0.3643,0.717052,1.0,ns,NO,5.3341,0.000529,YES
PEFb,A vs C,A,C,28,32,8.9663,6.4637,2.4277,2.6233,3.8162,0.000331,0.003315,**,YES,5.3341,0.000529,YES
PEFb,A vs D,A,D,28,32,8.9663,7.2166,2.4277,2.4064,2.7982,0.006964,0.069641,ns,NO,5.3341,0.000529,YES
PEFb,A vs E,A,E,28,12,8.9663,6.0259,2.4277,3.1601,3.2032,0.00275,0.027496,*,YES,5.3341,0.000529,YES
PEFb,B vs C,B,C,28,32,8.6837,6.4637,3.3103,2.6233,2.8953,0.005333,0.053326,ns,NO,5.3341,0.000529,YES
PEFb,B vs D,B,D,28,32,8.6837,7.2166,3.3103,2.4064,1.9802,0.052428,0.52428,ns,NO,5.3341,0.000529,YES
PEFb,B vs E,B,E,28,12,8.6837,6.0259,3.3103,3.1601,2.3574,0.023653,0.236534,ns,NO,5.3341,0.000529,YES
PEFb,C vs D,C,D,32,32,6.4637,7.2166,2.6233,2.4064,-1.1964,0.236092,1.0,ns,NO,5.3341,0.000529,YES
PEFb,C vs E,C,E,32,12,6.4637,6.0259,2.6233,3.1601,0.4663,0.643417,1.0,ns,NO,5.3341,0.000529,YES
PEFb,D vs E,D,E,32,12,7.2166,6.0259,2.4064,3.1601,1.3402,0.187392,1.0,ns,NO,5.3341,0.000529,YES
Ti,A vs B,A,B,28,28,0.4075,0.3342,0.1084,0.067,3.0421,0.003622,0.036225,*,YES,2.5666,0.04129,YES
Ti,A vs C,A,C,28,32,0.4075,0.3528,0.1084,0.101,2.0211,0.04789,0.478898,ns,NO,2.5666,0.04129,YES
Ti,A vs D,A,D,28,32,0.4075,0.3953,0.1084,0.104,0.4436,0.658985,1.0,ns,NO,2.5666,0.04129,YES
Ti,A vs E,A,E,28,12,0.4075,0.3588,0.1084,0.1432,1.179,0.245737,1.0,ns,NO,2.5666,0.04129,YES
Ti,B vs C,B,C,28,32,0.3342,0.3528,0.067,0.101,-0.8264,0.411983,1.0,ns,NO,2.5666,0.04129,YES
Ti,B vs D,B,D,28,32,0.3342,0.3953,0.067,0.104,-2.6604,0.010076,0.100755,ns,NO,2.5666,0.04129,YES
Ti,B vs E,B,E,28,12,0.3342,0.3588,0.067,0.1432,-0.7474,0.45942,1.0,ns,NO,2.5666,0.04129,YES
Ti,C vs D,C,D,32,32,0.3528,0.3953,0.101,0.104,-1.6578,0.102418,1.0,ns,NO,2.5666,0.04129,YES
Ti,C vs E,C,E,32,12,0.3528,0.3588,0.101,0.1432,-0.1575,0.875644,1.0,ns,NO,2.5666,0.04129,YES
Ti,D vs E,D,E,32,12,0.3953,0.3588,0.104,0.1432,0.9316,0.356889,1.0,ns,NO,2.5666,0.04129,YES
Te,A vs B,A,B,28,28,0.4791,0.3738,0.287,0.1766,1.6536,0.104013,1.0,ns,NO,2.5888,0.03989,YES
Te,A vs C,A,C,28,32,0.4791,0.4879,0.287,0.2658,-0.1225,0.902927,1.0,ns,NO,2.5888,0.03989,YES
Te,A vs D,A,D,28,32,0.4791,0.5469,0.287,0.3281,-0.8461,0.400965,1.0,ns,NO,2.5888,0.03989,YES
Te,A vs E,A,E,28,12,0.4791,0.66,0.287,0.3819,-1.6514,0.106897,1.0,ns,NO,2.5888,0.03989,YES
Te,B vs C,B,C,28,32,0.3738,0.4879,0.1766,0.2658,-1.9278,0.058785,0.587848,ns,NO,2.5888,0.03989,YES
Te,B vs D,B,D,28,32,0.3738,0.5469,0.1766,0.3281,-2.4922,0.015575,0.155754,ns,NO,2.5888,0.03989,YES
Te,B vs E,B,E,28,12,0.3738,0.66,0.1766,0.3819,-3.2688,0.002297,0.022972,*,YES,2.5888,0.03989,YES
Te,C vs D,C,D,32,32,0.4879,0.5469,0.2658,0.3281,-0.7912,0.431862,1.0,ns,NO,2.5888,0.03989,YES
Te,C vs E,C,E,32,12,0.4879,0.66,0.2658,0.3819,-1.6917,0.09811,0.981099,ns,NO,2.5888,0.03989,YES
Te,D vs E,D,E,32,12,0.5469,0.66,0.3281,0.3819,-0.9738,0.335752,1.0,ns,NO,2.5888,0.03989,YES
EF50,A vs B,A,B,28,28,0.7054,0.681,0.2319,0.3183,0.3275,0.74455,1.0,ns,NO,6.3151,0.000115,YES
EF50,A vs C,A,C,28,32,0.7054,0.4702,0.2319,0.2317,3.9215,0.000235,0.002353,**,YES,6.3151,0.000115,YES
EF50,A vs D,A,D,28,32,0.7054,0.5329,0.2319,0.2191,2.9591,0.004462,0.044615,*,YES,6.3151,0.000115,YES
EF50,A vs E,A,E,28,12,0.7054,0.4008,0.2319,0.2167,3.8779,0.000405,0.004049,**,YES,6.3151,0.000115,YES
EF50,B vs C,B,C,28,32,0.681,0.4702,0.3183,0.2317,2.9584,0.00447,0.044698,*,YES,6.3151,0.000115,YES
EF50,B vs D,B,D,28,32,0.681,0.5329,0.3183,0.2191,2.1201,0.038289,0.38289,ns,NO,6.3151,0.000115,YES
EF50,B vs E,B,E,28,12,0.681,0.4008,0.3183,0.2167,2.7759,0.008496,0.084955,ns,NO,6.3151,0.000115,YES
EF50,C vs D,C,D,32,32,0.4702,0.5329,0.2317,0.2191,-1.1137,0.269713,1.0,ns,NO,6.3151,0.000115,YES
EF50,C vs E,C,E,32,12,0.4702,0.4008,0.2317,0.2167,0.8991,0.373719,1.0,ns,NO,6.3151,0.000115,YES
EF50,D vs E,D,E,32,12,0.5329,0.4008,0.2191,0.2167,1.7864,0.081259,0.812586,ns,NO,6.3151,0.000115,YES
EIP,A vs B,A,B,28,28,12.4583,14.896,5.6017,22.2758,-0.5616,0.57674,1.0,ns,NO,3.3026,0.013033,YES
EIP,A vs C,A,C,28,32,12.4583,11.9931,5.6017,6.0033,0.3089,0.758491,1.0,ns,NO,3.3026,0.013033,YES
EIP,A vs D,A,D,28,32,12.4583,14.008,5.6017,10.2429,-0.7123,0.479132,1.0,ns,NO,3.3026,0.013033,YES
EIP,A vs E,A,E,28,12,12.4583,30.7332,5.6017,36.625,-2.6139,0.012759,0.127594,ns,NO,3.3026,0.013033,YES
EIP,B vs C,B,C,28,32,14.896,11.9931,22.2758,6.0033,0.7091,0.481102,1.0,ns,NO,3.3026,0.013033,YES
EIP,B vs D,B,D,28,32,14.896,14.008,22.2758,10.2429,0.2025,0.840223,1.0,ns,NO,3.3026,0.013033,YES
EIP,B vs E,B,E,28,12,14.896,30.7332,22.2758,36.625,-1.6864,0.099922,0.999225,ns,NO,3.3026,0.013033,YES
EIP,C vs D,C,D,32,32,11.9931,14.008,6.0033,10.2429,-0.96,0.34076,1.0,ns,NO,3.3026,0.013033,YES
EIP,C vs E,C,E,32,12,11.9931,30.7332,6.0033,36.625,-2.8478,0.006786,0.067859,ns,NO,3.3026,0.013033,YES
EIP,D vs E,D,E,32,12,14.008,30.7332,10.2429,36.625,-2.3862,0.021607,0.216074,ns,NO,3.3026,0.013033,YES
EEP,A vs B,A,B,28,28,22.2577,17.8573,84.5853,53.9419,0.2321,0.817338,1.0,ns,NO,1.1426,0.339557,NO
EEP,A vs C,A,C,28,32,22.2577,68.8564,84.5853,183.5332,-1.2329,0.222604,1.0,ns,NO,1.1426,0.339557,NO
EEP,A vs D,A,D,28,32,22.2577,57.3595,84.5853,86.5075,-1.5843,0.118559,1.0,ns,NO,1.1426,0.339557,NO
EEP,A vs E,A,E,28,12,22.2577,54.963,84.5853,95.1975,-1.0797,0.287067,1.0,ns,NO,1.1426,0.339557,NO
EEP,B vs C,B,C,28,32,17.8573,68.8564,53.9419,183.5332,-1.4165,0.161987,1.0,ns,NO,1.1426,0.339557,NO
EEP,B vs D,B,D,28,32,17.8573,57.3595,53.9419,86.5075,-2.0862,0.041373,0.413728,ns,NO,1.1426,0.339557,NO
EEP,B vs E,B,E,28,12,17.8573,54.963,53.9419,95.1975,-1.5702,0.124658,1.0,ns,NO,1.1426,0.339557,NO
EEP,C vs D,C,D,32,32,68.8564,57.3595,183.5332,86.5075,0.3205,0.749641,1.0,ns,NO,1.1426,0.339557,NO
EEP,C vs E,C,E,32,12,68.8564,54.963,183.5332,95.1975,0.2487,0.804805,1.0,ns,NO,1.1426,0.339557,NO
EEP,D vs E,D,E,32,12,57.3595,54.963,86.5075,95.1975,0.0797,0.93688,1.0,ns,NO,1.1426,0.339557,NO
Tr,A vs B,A,B,28,28,0.2362,0.1898,0.0798,0.0767,2.2176,0.030813,0.308126,ns,NO,3.429,0.010677,YES
Tr,A vs C,A,C,28,32,0.2362,0.1924,0.0798,0.0684,2.2908,0.025628,0.256284,ns,NO,3.429,0.010677,YES
Tr,A vs D,A,D,28,32,0.2362,0.2338,0.0798,0.0699,0.1228,0.902714,1.0,ns,NO,3.429,0.010677,YES
Tr,A vs E,A,E,28,12,0.2362,0.2683,0.0798,0.1396,-0.9225,0.36211,1.0,ns,NO,3.429,0.010677,YES
Tr,B vs C,B,C,28,32,0.1898,0.1924,0.0767,0.0684,-0.1366,0.891784,1.0,ns,NO,3.429,0.010677,YES
Tr,B vs D,B,D,28,32,0.1898,0.2338,0.0767,0.0699,-2.3256,0.023557,0.235572,ns,NO,3.429,0.010677,YES
Tr,B vs E,B,E,28,12,0.1898,0.2683,0.0767,0.1396,-2.2952,0.027332,0.273317,ns,NO,3.429,0.010677,YES
Tr,C vs D,C,D,32,32,0.1924,0.2338,0.0684,0.0699,-2.3979,0.019513,0.195129,ns,NO,3.429,0.010677,YES
Tr,C vs E,C,E,32,12,0.1924,0.2683,0.0684,0.1396,-2.4245,0.019714,0.197141,ns,NO,3.429,0.010677,YES
Tr,D vs E,D,E,32,12,0.2338,0.2683,0.0699,0.1396,-1.091,0.281506,1.0,ns,NO,3.429,0.010677,YES
TB,A vs B,A,B,28,28,9.2018,9.1366,4.149,3.646,0.0625,0.950425,1.0,ns,NO,2.3043,0.062064,NO
TB,A vs C,A,C,28,31,9.2018,7.5599,4.149,3.9426,1.5582,0.124726,1.0,ns,NO,2.3043,0.062064,NO
TB,A vs D,A,D,28,30,9.2018,6.6622,4.149,3.0789,2.6592,0.010194,0.101941,ns,NO,2.3043,0.062064,NO
TB,A vs E,A,E,28,12,9.2018,9.3633,4.149,6.6522,-0.0936,0.925937,1.0,ns,NO,2.3043,0.062064,NO
TB,B vs C,B,C,28,31,9.1366,7.5599,3.646,3.9426,1.5894,0.117504,1.0,ns,NO,2.3043,0.062064,NO
TB,B vs D,B,D,28,30,9.1366,6.6622,3.646,3.0789,2.799,0.007019,0.070191,ns,NO,2.3043,0.062064,NO
TB,B vs E,B,E,28,12,9.1366,9.3633,3.646,6.6522,-0.1393,0.889935,1.0,ns,NO,2.3043,0.062064,NO
TB,C vs D,C,D,31,30,7.5599,6.6622,3.9426,3.0789,0.9889,0.326766,1.0,ns,NO,2.3043,0.062064,NO
TB,C vs E,C,E,31,12,7.5599,9.3633,3.9426,6.6522,-1.1002,0.277665,1.0,ns,NO,2.3043,0.062064,NO
TB,D vs E,D,E,30,12,6.6622,9.3633,3.0789,6.6522,-1.8122,0.077461,0.774607,ns,NO,2.3043,0.062064,NO
TP,A vs B,A,B,28,28,16.121,18.1471,5.1231,9.2249,-1.016,0.314153,1.0,ns,NO,3.1203,0.017421,YES
TP,A vs C,A,C,28,31,16.121,22.2981,5.1231,10.5696,-2.8073,0.006828,0.068277,ns,NO,3.1203,0.017421,YES
TP,A vs D,A,D,28,32,16.121,22.5792,5.1231,10.6118,-2.9329,0.004801,0.04801,*,YES,3.1203,0.017421,YES
TP,A vs E,A,E,28,11,16.121,25.1681,5.1231,13.6159,-3.055,0.004159,0.041585,*,YES,3.1203,0.017421,YES
TP,B vs C,B,C,28,31,18.1471,22.2981,9.2249,10.5696,-1.5993,0.11528,1.0,ns,NO,3.1203,0.017421,YES
TP,B vs D,B,D,28,32,18.1471,22.5792,9.2249,10.6118,-1.7144,0.091792,0.917924,ns,NO,3.1203,0.017421,YES
TP,B vs E,B,E,28,11,18.1471,25.1681,9.2249,13.6159,-1.8627,0.070461,0.704609,ns,NO,3.1203,0.017421,YES
TP,C vs D,C,D,31,32,22.2981,22.5792,10.5696,10.6118,-0.1053,0.916478,1.0,ns,NO,3.1203,0.017421,YES
TP,C vs E,C,E,31,11,22.2981,25.1681,10.5696,13.6159,-0.7169,0.477616,1.0,ns,NO,3.1203,0.017421,YES
TP,D vs E,D,E,32,11,22.5792,25.1681,10.6118,13.6159,-0.6488,0.520103,1.0,ns,NO,3.1203,0.017421,YES
Tbody,A vs B,A,B,28,28,37.0,37.0,0.0,0.0,,,,N/A,NO,,,NO
Tbody,A vs C,A,C,28,32,37.0,37.0,0.0,0.0,,,,N/A,NO,,,NO
Tbody,A vs D,A,D,28,32,37.0,37.0,0.0,0.0,,,,N/A,NO,,,NO
Tbody,A vs E,A,E,28,12,37.0,37.0,0.0,0.0,,,,N/A,NO,,,NO
Tbody,B vs C,B,C,28,32,37.0,37.0,0.0,0.0,,,,N/A,NO,,,NO
Tbody,B vs D,B,D,28,32,37.0,37.0,0.0,0.0,,,,N/A,NO,,,NO
Tbody,B vs E,B,E,28,12,37.0,37.0,0.0,0.0,,,,N/A,NO,,,NO
Tbody,C vs D,C,D,32,32,37.0,37.0,0.0,0.0,,,,N/A,NO,,,NO
Tbody,C vs E,C,E,32,12,37.0,37.0,0.0,0.0,,,,N/A,NO,,,NO
Tbody,D vs E,D,E,32,12,37.0,37.0,0.0,0.0,,,,N/A,NO,,,NO
Tc,A vs B,A,B,28,28,25.0,25.0,0.0,0.0,,,,N/A,NO,,,NO
Tc,A vs C,A,C,28,32,25.0,25.0,0.0,0.0,,,,N/A,NO,,,NO
Tc,A vs D,A,D,28,32,25.0,25.0,0.0,0.0,,,,N/A,NO,,,NO
Tc,A vs E,A,E,28,12,25.0,25.0,0.0,0.0,,,,N/A,NO,,,NO
Tc,B vs C,B,C,28,32,25.0,25.0,0.0,0.0,,,,N/A,NO,,,NO
Tc,B vs D,B,D,28,32,25.0,25.0,0.0,0.0,,,,N/A,NO,,,NO
Tc,B vs E,B,E,28,12,25.0,25.0,0.0,0.0,,,,N/A,NO,,,NO
Tc,C vs D,C,D,32,32,25.0,25.0,0.0,0.0,,,,N/A,NO,,,NO
Tc,C vs E,C,E,32,12,25.0,25.0,0.0,0.0,,,,N/A,NO,,,NO
Tc,D vs E,D,E,32,12,25.0,25.0,0.0,0.0,,,,N/A,NO,,,NO
RH,A vs B,A,B,28,28,30.0,30.0,0.0,0.0,,,,N/A,NO,,,NO
RH,A vs C,A,C,28,32,30.0,30.0,0.0,0.0,,,,N/A,NO,,,NO
RH,A vs D,A,D,28,32,30.0,30.0,0.0,0.0,,,,N/A,NO,,,NO
RH,A vs E,A,E,28,12,30.0,30.0,0.0,0.0,,,,N/A,NO,,,NO
RH,B vs C,B,C,28,32,30.0,30.0,0.0,0.0,,,,N/A,NO,,,NO
RH,B vs D,B,D,28,32,30.0,30.0,0.0,0.0,,,,N/A,NO,,,NO
RH,B vs E,B,E,28,12,30.0,30.0,0.0,0.0,,,,N/A,NO,,,NO
RH,C vs D,C,D,32,32,30.0,30.0,0.0,0.0,,,,N/A,NO,,,NO
RH,C vs E,C,E,32,12,30.0,30.0,0.0,0.0,,,,N/A,NO,,,NO
RH,D vs E,D,E,32,12,30.0,30.0,0.0,0.0,,,,N/A,NO,,,NO
Rinx,A vs B,A,B,28,28,10.4592,7.1429,25.3603,17.9612,0.5647,0.574629,1.0,ns,NO,8.5116,4e-06,YES
Rinx,A vs C,A,C,28,32,10.4592,23.3221,25.3603,36.6532,-1.5583,0.124595,1.0,ns,NO,8.5116,4e-06,YES
Rinx,A vs D,A,D,28,32,10.4592,30.5692,25.3603,35.5008,-2.4913,0.015609,0.156087,ns,NO,8.5116,4e-06,YES
Rinx,A vs E,A,E,28,12,10.4592,62.6742,25.3603,34.485,-5.3464,4e-06,4.5e-05,***,YES,8.5116,4e-06,YES
Rinx,B vs C,B,C,28,32,7.1429,23.3221,17.9612,36.6532,-2.1219,0.038132,0.38132,ns,NO,8.5116,4e-06,YES
Rinx,B vs D,B,D,28,32,7.1429,30.5692,17.9612,35.5008,-3.1541,0.002551,0.025507,*,YES,8.5116,4e-06,YES
Rinx,B vs E,B,E,28,12,7.1429,62.6742,17.9612,34.485,-6.7208,0.0,1e-06,***,YES,8.5116,4e-06,YES
Rinx,C vs D,C,D,32,32,23.3221,30.5692,36.6532,35.5008,-0.8034,0.424803,1.0,ns,NO,8.5116,4e-06,YES
Rinx,C vs E,C,E,32,12,23.3221,62.6742,36.6532,34.485,-3.2205,0.002471,0.024714,*,YES,8.5116,4e-06,YES
Rinx,D vs E,D,E,32,12,30.5692,62.6742,35.5008,34.485,-2.6916,0.010167,0.10167,ns,NO,8.5116,4e-06,YES
BFCF,A vs B,A,B,0,0,,,,,,,,N/A,N/A,,,NO
BFCF,A vs C,A,C,0,0,,,,,,,,N/A,N/A,,,NO
BFCF,A vs D,A,D,0,0,,,,,,,,N/A,N/A,,,NO
BFCF,A vs E,A,E,0,0,,,,,,,,N/A,N/A,,,NO
BFCF,B vs C,B,C,0,0,,,,,,,,N/A,N/A,,,NO
BFCF,B vs D,B,D,0,0,,,,,,,,N/A,N/A,,,NO
BFCF,B vs E,B,E,0,0,,,,,,,,N/A,N/A,,,NO
BFCF,C vs D,C,D,0,0,,,,,,,,N/A,N/A,,,NO
BFCF,C vs E,C,E,0,0,,,,,,,,N/A,N/A,,,NO
BFCF,D vs E,D,E,0,0,,,,,,,,N/A,N/A,,,NO
